﻿Designator,Footprint,Quantity,Value,LCSC Part #
"_4, _3, _2, ",,4,,
"C1, C11, C13, C14, C15, C16, C17, C18, C5, C8, C9",0402,11,100n,C77020
"C10, C12",0402,2,1u,C77009
"C19, C20",0805,2,0.1uF,C162422
"C2, C3",0402,2,18p,C126499
C4,0603,1,2.2u,C57895
C6,0805,1,10u,C162422
C7,0603,1,10n C0G,C76599
D1,D_SOD-123,1,B5819W,C552930
"D2, D3",0603,2,LED,C434425
"HX1_C1, HX1_C3, HX2_C1, HX2_C3, HX3_C1, HX3_C3, HX4_C1, HX4_C3",1206,8,0.1uF,
"HX1_C4, HX1_C5, HX2_C4, HX2_C5, HX3_C4, HX3_C5, HX4_C4, HX4_C5",1206,8,10uF,
"HX1_R1, HX2_R1, HX3_R1, HX4_R1",1206,4,20k,
"HX1_R2, HX2_R2, HX3_R2, HX4_R2",1206,4,8.2k,
"HX1_R3, HX2_R3, HX3_R3, HX4_R3",1206,4,1k,
"HX711_1, HX711_2, HX711_3, HX711_4",SOP-16_3.9x9.9mm_P1.27mm,4,HX711,
J1,USB_C_Receptacle_Palconn_UTC16-G,1,USB_C_Receptacle_USB2.0,C165948
J2,Pico_4pin,1,SWD,
J5,NCR_PIN_AMPHENOL_74355-1042LF,1,74355-1042LF,
JP1,SolderJumper-3_P2.0mm_Open_TrianglePad1.0x1.5mm,1,EEPROM_WP,
JP2,SolderJumper-2_P1.3mm_Open_TrianglePad1.0x1.5mm,1,VREF,
LM1,DPAK-3_ONS-M,1,MC7805CDTRKG,
"R1, R10, R11, R12, R13",0402,5,1k,C25543
R2,0402,1,DNP,
"R3, R4",0402,2,5.1k,C105873
R5,0402,1,1k,
R6,0805,1,470mOhm,C2930220
R7,0603,1,150,C22808
"R8, R9",0402,2,27,C2909343
RJ1,DS1129-02-S80BP,1,DS1129-02-S80BP,
SW1,SW_SPST_B3U-1000P,1,BOOTSEL,C231329
SW2,SW_SPST_B3U-1000P,1,RES,C231329
TP1,TestPoint_Pad_1.5x1.5mm,1,BOOTSEL,
TP2,TestPoint_Pad_1.5x1.5mm,1,VREG,
TP3,TestPoint_Pad_1.5x1.5mm,1,GP25,
TP4,TestPoint_Pad_1.5x1.5mm,1,GND,
TP5,TestPoint_Pad_1.5x1.5mm,1,D+,
TP6,TestPoint_Pad_1.5x1.5mm,1,GP24,
TP7,TestPoint_Pad_1.5x1.5mm,1,D-,
"TR1, TR2, TR3, TR4",TSOT-23,4,MMBT5550LT1G,
U1,SOIC-8_3.9x4.9mm_P1.27mm,1,FM24CL16B,C31082
U2,IC_W25Q16JVUXIQ_TR,1,W25Q16JVUXIQ,C2843335
U3,SOT-223-3_TabPin2,1,AMS1117-3.3,C347222
U4,SOT-23,1,LM4040DBZ-3,C460726
U5,RP2040-QFN-56,1,RP2040,C2040
Y1,Crystal_SMD_2520-4Pin_2.5x2.0mm,1,ECS-120-12-36-AGN-TR3,C284155
